Valid,Rate,Frequency,Percent,Valid Percent,Cumulative Percent
Valid,211.5,1,.0,.0,.0
,231.4,1,.0,.0,.1
,282.9,1,.0,.0,.1
,313.4,1,.0,.0,.1
,313.6,1,.0,.0,.2
,320.4,1,.0,.0,.2
,325.1,1,.0,.0,.2
,342.1,1,.0,.0,.3
,347.1,1,.0,.0,.3
,353.1,1,.0,.0,.3
,354.0,1,.0,.0,.4
,354.3,1,.0,.0,.4
,354.7,1,.0,.0,.4
,354.8,1,.0,.0,.5
,355.0,1,.0,.0,.5
,355.2,1,.0,.0,.5
,355.4,1,.0,.0,.5
,356.3,1,.0,.0,.6
,360.4,1,.0,.0,.6
,361.0,1,.0,.0,.6
,364.1,1,.0,.0,.7
,370.9,1,.0,.0,.7
,371.6,1,.0,.0,.7
,372.1,1,.0,.0,.8
,372.3,1,.0,.0,.8
,381.8,1,.0,.0,.8
,383.0,1,.0,.0,.9
,386.2,1,.0,.0,.9
,387.3,1,.0,.0,.9
,389.0,1,.0,.0,1.0
,391.6,1,.0,.0,1.0
,391.8,1,.0,.0,1.0
,395.6,1,.0,.0,1.1
,402.1,1,.0,.0,1.1
,403.8,1,.0,.0,1.1
,404.0,1,.0,.0,1.2
,404.9,1,.0,.0,1.2
,405.6,1,.0,.0,1.2
,406.9,2,.1,.1,1.3
,408.3,1,.0,.0,1.3
,408.9,1,.0,.0,1.4
,409.4,1,.0,.0,1.4
,410.6,1,.0,.0,1.4
,411.4,1,.0,.0,1.5
,413.4,1,.0,.0,1.5
,414.1,1,.0,.0,1.5
,416.3,1,.0,.0,1.5
,416.6,1,.0,.0,1.6
,416.7,1,.0,.0,1.6
,419.7,1,.0,.0,1.6
,420.3,1,.0,.0,1.7
,420.4,1,.0,.0,1.7
,420.5,1,.0,.0,1.7
,424.2,1,.0,.0,1.8
,424.7,1,.0,.0,1.8
,425.2,1,.0,.0,1.8
,425.3,1,.0,.0,1.9
,427.3,1,.0,.0,1.9
,428.5,1,.0,.0,1.9
,430.1,1,.0,.0,2.0
,430.7,1,.0,.0,2.0
,431.3,1,.0,.0,2.0
,431.4,1,.0,.0,2.1
,434.1,1,.0,.0,2.1
,434.3,1,.0,.0,2.1
,436.6,1,.0,.0,2.2
,436.7,1,.0,.0,2.2
,436.8,1,.0,.0,2.2
,438.1,1,.0,.0,2.3
,438.7,1,.0,.0,2.3
,438.8,1,.0,.0,2.3
,439.7,1,.0,.0,2.4
,441.0,1,.0,.0,2.4
,443.0,1,.0,.0,2.4
,443.1,1,.0,.0,2.5
,443.5,1,.0,.0,2.5
,445.3,1,.0,.0,2.5
,445.9,1,.0,.0,2.5
,446.7,1,.0,.0,2.6
,446.9,2,.1,.1,2.6
,447.2,1,.0,.0,2.7
,447.6,1,.0,.0,2.7
,447.7,1,.0,.0,2.7
,447.8,1,.0,.0,2.8
,449.0,1,.0,.0,2.8
,449.3,1,.0,.0,2.8
,449.5,1,.0,.0,2.9
,450.4,1,.0,.0,2.9
,450.6,1,.0,.0,2.9
,451.1,1,.0,.0,3.0
,451.2,1,.0,.0,3.0
,451.9,1,.0,.0,3.0
,452.0,1,.0,.0,3.1
,452.2,2,.1,.1,3.1
,453.0,1,.0,.0,3.2
,454.0,1,.0,.0,3.2
,454.3,1,.0,.0,3.2
,454.5,1,.0,.0,3.3
,454.6,1,.0,.0,3.3
,455.1,1,.0,.0,3.3
,455.7,1,.0,.0,3.4
,456.9,1,.0,.0,3.4
,457.6,1,.0,.0,3.4
,458.5,2,.1,.1,3.5
,458.7,1,.0,.0,3.5
,460.1,1,.0,.0,3.5
,462.4,1,.0,.0,3.6
,462.7,1,.0,.0,3.6
,462.9,2,.1,.1,3.7
,463.6,1,.0,.0,3.7
,464.2,1,.0,.0,3.7
,464.8,1,.0,.0,3.8
,464.9,1,.0,.0,3.8
,465.3,1,.0,.0,3.8
,465.5,1,.0,.0,3.9
,465.7,1,.0,.0,3.9
,466.0,1,.0,.0,3.9
,466.5,1,.0,.0,4.0
,467.8,1,.0,.0,4.0
,468.0,1,.0,.0,4.0
,468.2,1,.0,.0,4.1
,468.6,1,.0,.0,4.1
,469.6,1,.0,.0,4.1
,469.7,1,.0,.0,4.2
,469.9,1,.0,.0,4.2
,470.5,1,.0,.0,4.2
,471.7,1,.0,.0,4.3
,472.7,1,.0,.0,4.3
,473.5,2,.1,.1,4.4
,474.0,1,.0,.0,4.4
,474.1,1,.0,.0,4.4
,474.3,1,.0,.0,4.4
,475.7,1,.0,.0,4.5
,475.9,1,.0,.0,4.5
,476.2,1,.0,.0,4.5
,477.5,2,.1,.1,4.6
,477.7,1,.0,.0,4.6
,478.4,1,.0,.0,4.7
,479.5,1,.0,.0,4.7
,479.7,1,.0,.0,4.7
,479.9,1,.0,.0,4.8
,480.0,1,.0,.0,4.8
,480.3,1,.0,.0,4.8
,480.4,1,.0,.0,4.9
,480.5,1,.0,.0,4.9
,480.7,2,.1,.1,5.0
,481.5,1,.0,.0,5.0
,482.2,2,.1,.1,5.1
,482.4,2,.1,.1,5.1
,482.5,1,.0,.0,5.2
,482.8,1,.0,.0,5.2
,483.2,1,.0,.0,5.2
,483.5,2,.1,.1,5.3
,483.7,1,.0,.0,5.3
,484.1,1,.0,.0,5.4
,485.6,1,.0,.0,5.4
,486.4,1,.0,.0,5.4
,487.3,1,.0,.0,5.4
,488.3,1,.0,.0,5.5
,488.4,1,.0,.0,5.5
,489.0,1,.0,.0,5.5
,489.3,2,.1,.1,5.6
,489.5,2,.1,.1,5.7
,489.9,1,.0,.0,5.7
,490.2,1,.0,.0,5.7
,490.6,1,.0,.0,5.8
,490.7,1,.0,.0,5.8
,490.9,1,.0,.0,5.8
,491.3,1,.0,.0,5.9
,491.9,1,.0,.0,5.9
,492.0,1,.0,.0,5.9
,492.1,1,.0,.0,6.0
,492.5,1,.0,.0,6.0
,492.8,2,.1,.1,6.1
,493.0,1,.0,.0,6.1
,493.5,1,.0,.0,6.1
,493.8,1,.0,.0,6.2
,494.0,1,.0,.0,6.2
,494.1,1,.0,.0,6.2
,494.2,1,.0,.0,6.3
,494.8,1,.0,.0,6.3
,495.0,1,.0,.0,6.3
,495.3,1,.0,.0,6.4
,496.7,1,.0,.0,6.4
,497.2,1,.0,.0,6.4
,498.0,1,.0,.0,6.4
,498.1,1,.0,.0,6.5
,498.3,1,.0,.0,6.5
,498.5,1,.0,.0,6.5
,498.9,1,.0,.0,6.6
,499.0,1,.0,.0,6.6
,499.5,1,.0,.0,6.6
,499.6,1,.0,.0,6.7
,499.8,1,.0,.0,6.7
,500.0,1,.0,.0,6.7
,500.4,1,.0,.0,6.8
,500.6,1,.0,.0,6.8
,500.9,1,.0,.0,6.8
,501.5,1,.0,.0,6.9
,501.6,2,.1,.1,6.9
,502.3,1,.0,.0,7.0
,502.6,3,.1,.1,7.1
,503.0,1,.0,.0,7.1
,503.8,1,.0,.0,7.1
,504.2,1,.0,.0,7.2
,504.5,1,.0,.0,7.2
,504.6,1,.0,.0,7.2
,505.2,1,.0,.0,7.3
,505.4,1,.0,.0,7.3
,505.6,1,.0,.0,7.3
,505.7,1,.0,.0,7.4
,506.1,1,.0,.0,7.4
,506.2,1,.0,.0,7.4
,506.5,1,.0,.0,7.4
,506.8,1,.0,.0,7.5
,507.0,2,.1,.1,7.5
,507.3,1,.0,.0,7.6
,507.5,3,.1,.1,7.7
,507.8,1,.0,.0,7.7
,507.9,1,.0,.0,7.7
,508.0,1,.0,.0,7.8
,508.2,1,.0,.0,7.8
,508.6,1,.0,.0,7.8
,509.2,3,.1,.1,7.9
,509.3,1,.0,.0,8.0
,509.4,1,.0,.0,8.0
,509.5,1,.0,.0,8.0
,509.8,2,.1,.1,8.1
,510.3,1,.0,.0,8.1
,510.4,2,.1,.1,8.2
,510.8,1,.0,.0,8.2
,511.1,1,.0,.0,8.3
,511.2,1,.0,.0,8.3
,511.6,1,.0,.0,8.3
,511.9,3,.1,.1,8.4
,512.1,1,.0,.0,8.4
,512.2,1,.0,.0,8.5
,512.5,1,.0,.0,8.5
,512.7,1,.0,.0,8.5
,513.1,1,.0,.0,8.6
,513.3,1,.0,.0,8.6
,513.5,1,.0,.0,8.6
,513.6,1,.0,.0,8.7
,513.7,1,.0,.0,8.7
,513.8,1,.0,.0,8.7
,513.9,1,.0,.0,8.8
,514.0,1,.0,.0,8.8
,514.3,1,.0,.0,8.8
,514.4,1,.0,.0,8.9
,514.5,2,.1,.1,8.9
,514.7,1,.0,.0,9.0
,514.8,1,.0,.0,9.0
,515.1,1,.0,.0,9.0
,515.4,2,.1,.1,9.1
,515.5,1,.0,.0,9.1
,516.2,1,.0,.0,9.2
,516.4,1,.0,.0,9.2
,516.5,3,.1,.1,9.3
,516.7,2,.1,.1,9.3
,517.0,1,.0,.0,9.4
,517.1,1,.0,.0,9.4
,517.5,1,.0,.0,9.4
,517.7,2,.1,.1,9.5
,517.8,1,.0,.0,9.5
,518.3,1,.0,.0,9.6
,518.5,1,.0,.0,9.6
,518.7,1,.0,.0,9.6
,518.9,1,.0,.0,9.7
,519.0,1,.0,.0,9.7
,519.2,2,.1,.1,9.8
,519.3,1,.0,.0,9.8
,520.1,2,.1,.1,9.9
,520.2,1,.0,.0,9.9
,520.4,1,.0,.0,9.9
,520.5,2,.1,.1,10.0
,520.8,3,.1,.1,10.1
,521.3,1,.0,.0,10.1
,521.4,1,.0,.0,10.2
,521.6,2,.1,.1,10.2
,521.7,1,.0,.0,10.3
,521.9,2,.1,.1,10.3
,522.1,1,.0,.0,10.3
,522.4,2,.1,.1,10.4
,522.5,1,.0,.0,10.4
,522.7,1,.0,.0,10.5
,522.8,1,.0,.0,10.5
,522.9,1,.0,.0,10.5
,523.0,2,.1,.1,10.6
,523.1,1,.0,.0,10.6
,523.5,1,.0,.0,10.7
,523.7,1,.0,.0,10.7
,523.9,1,.0,.0,10.7
,524.1,1,.0,.0,10.8
,524.2,1,.0,.0,10.8
,524.5,1,.0,.0,10.8
,524.6,1,.0,.0,10.9
,524.7,1,.0,.0,10.9
,524.9,1,.0,.0,10.9
,525.0,1,.0,.0,11.0
,525.1,1,.0,.0,11.0
,525.2,2,.1,.1,11.1
,525.4,1,.0,.0,11.1
,525.6,1,.0,.0,11.1
,526.0,1,.0,.0,11.2
,526.2,1,.0,.0,11.2
,526.5,1,.0,.0,11.2
,526.6,1,.0,.0,11.3
,526.9,1,.0,.0,11.3
,527.3,1,.0,.0,11.3
,527.4,1,.0,.0,11.3
,527.9,1,.0,.0,11.4
,528.1,2,.1,.1,11.4
,528.4,2,.1,.1,11.5
,528.6,1,.0,.0,11.5
,528.8,1,.0,.0,11.6
,528.9,1,.0,.0,11.6
,529.2,4,.1,.1,11.7
,529.4,1,.0,.0,11.8
,529.7,1,.0,.0,11.8
,529.8,2,.1,.1,11.9
,529.9,1,.0,.0,11.9
,530.1,1,.0,.0,11.9
,530.2,1,.0,.0,12.0
,530.3,1,.0,.0,12.0
,530.4,1,.0,.0,12.0
,531.1,1,.0,.0,12.1
,531.2,2,.1,.1,12.1
,531.6,1,.0,.0,12.2
,531.7,1,.0,.0,12.2
,531.9,5,.2,.2,12.3
,532.2,1,.0,.0,12.4
,532.4,1,.0,.0,12.4
,532.5,1,.0,.0,12.4
,532.9,1,.0,.0,12.5
,533.0,1,.0,.0,12.5
,533.1,1,.0,.0,12.5
,533.3,2,.1,.1,12.6
,533.4,2,.1,.1,12.7
,533.5,1,.0,.0,12.7
,534.5,2,.1,.1,12.8
,534.7,1,.0,.0,12.8
,534.9,2,.1,.1,12.9
,535.0,1,.0,.0,12.9
,535.2,2,.1,.1,13.0
,535.3,1,.0,.0,13.0
,535.6,1,.0,.0,13.0
,535.8,1,.0,.0,13.1
,536.0,1,.0,.0,13.1
,536.8,1,.0,.0,13.1
,536.9,1,.0,.0,13.2
,537.0,1,.0,.0,13.2
,537.4,1,.0,.0,13.2
,537.5,2,.1,.1,13.3
,537.7,1,.0,.0,13.3
,537.9,1,.0,.0,13.3
,538.0,1,.0,.0,13.4
,538.2,3,.1,.1,13.5
,538.3,1,.0,.0,13.5
,538.6,1,.0,.0,13.5
,538.7,2,.1,.1,13.6
,538.8,1,.0,.0,13.6
,538.9,1,.0,.0,13.7
,539.0,1,.0,.0,13.7
,539.1,1,.0,.0,13.7
,539.2,3,.1,.1,13.8
,539.6,1,.0,.0,13.9
,540.0,1,.0,.0,13.9
,540.1,1,.0,.0,13.9
,540.4,1,.0,.0,14.0
,540.5,2,.1,.1,14.0
,540.9,1,.0,.0,14.1
,541.3,1,.0,.0,14.1
,541.4,2,.1,.1,14.2
,541.5,1,.0,.0,14.2
,541.9,3,.1,.1,14.3
,542.1,3,.1,.1,14.4
,542.2,1,.0,.0,14.4
,542.3,1,.0,.0,14.4
,542.4,2,.1,.1,14.5
,542.5,2,.1,.1,14.6
,542.6,1,.0,.0,14.6
,542.9,1,.0,.0,14.6
,543.1,1,.0,.0,14.7
,543.2,2,.1,.1,14.7
,543.3,1,.0,.0,14.8
,543.4,1,.0,.0,14.8
,543.5,1,.0,.0,14.8
,543.8,1,.0,.0,14.9
,544.2,1,.0,.0,14.9
,544.3,1,.0,.0,14.9
,544.7,1,.0,.0,15.0
,544.8,2,.1,.1,15.0
,545.2,1,.0,.0,15.1
,545.4,1,.0,.0,15.1
,545.7,2,.1,.1,15.2
,545.8,1,.0,.0,15.2
,546.1,1,.0,.0,15.2
,546.2,2,.1,.1,15.3
,546.3,2,.1,.1,15.3
,546.4,1,.0,.0,15.4
,546.6,2,.1,.1,15.4
,546.8,1,.0,.0,15.5
,547.2,2,.1,.1,15.5
,547.5,1,.0,.0,15.6
,547.6,1,.0,.0,15.6
,547.9,3,.1,.1,15.7
,548.1,1,.0,.0,15.7
,548.2,1,.0,.0,15.8
,548.3,1,.0,.0,15.8
,548.4,1,.0,.0,15.8
,548.5,2,.1,.1,15.9
,548.6,1,.0,.0,15.9
,548.7,1,.0,.0,16.0
,548.8,1,.0,.0,16.0
,549.0,1,.0,.0,16.0
,549.7,1,.0,.0,16.1
,550.0,1,.0,.0,16.1
,550.1,2,.1,.1,16.2
,550.7,2,.1,.1,16.2
,551.2,1,.0,.0,16.2
,551.5,1,.0,.0,16.3
,551.7,2,.1,.1,16.3
,551.9,3,.1,.1,16.4
,552.0,1,.0,.0,16.5
,552.2,1,.0,.0,16.5
,552.3,3,.1,.1,16.6
,552.4,1,.0,.0,16.6
,552.5,1,.0,.0,16.7
,552.7,1,.0,.0,16.7
,552.9,2,.1,.1,16.8
,553.0,1,.0,.0,16.8
,553.1,2,.1,.1,16.9
,553.2,1,.0,.0,16.9
,553.6,2,.1,.1,17.0
,554.1,1,.0,.0,17.0
,554.4,1,.0,.0,17.0
,554.5,1,.0,.0,17.1
,554.6,3,.1,.1,17.2
,554.8,1,.0,.0,17.2
,555.5,2,.1,.1,17.2
,555.6,1,.0,.0,17.3
,556.4,1,.0,.0,17.3
,556.7,1,.0,.0,17.3
,557.2,1,.0,.0,17.4
,557.4,1,.0,.0,17.4
,557.6,1,.0,.0,17.4
,557.7,2,.1,.1,17.5
,557.8,1,.0,.0,17.5
,557.9,2,.1,.1,17.6
,558.2,2,.1,.1,17.7
,558.4,1,.0,.0,17.7
,558.8,2,.1,.1,17.8
,558.9,1,.0,.0,17.8
,559.0,1,.0,.0,17.8
,559.2,2,.1,.1,17.9
,559.4,2,.1,.1,18.0
,559.7,1,.0,.0,18.0
,560.3,2,.1,.1,18.1
,560.5,1,.0,.0,18.1
,560.8,2,.1,.1,18.1
,561.0,1,.0,.0,18.2
,561.2,2,.1,.1,18.2
,561.5,5,.2,.2,18.4
,561.8,1,.0,.0,18.4
,561.9,2,.1,.1,18.5
,562.0,1,.0,.0,18.5
,562.3,1,.0,.0,18.6
,562.5,1,.0,.0,18.6
,562.6,1,.0,.0,18.6
,562.7,1,.0,.0,18.7
,562.8,1,.0,.0,18.7
,562.9,1,.0,.0,18.7
,563.1,1,.0,.0,18.8
,563.4,3,.1,.1,18.9
,563.5,1,.0,.0,18.9
,563.6,1,.0,.0,18.9
,564.1,2,.1,.1,19.0
,564.2,1,.0,.0,19.0
,564.3,1,.0,.0,19.1
,564.4,3,.1,.1,19.1
,564.5,3,.1,.1,19.2
,564.6,2,.1,.1,19.3
,564.8,3,.1,.1,19.4
,564.9,1,.0,.0,19.4
,565.0,2,.1,.1,19.5
,565.2,1,.0,.0,19.5
,565.3,1,.0,.0,19.6
,565.5,1,.0,.0,19.6
,565.6,1,.0,.0,19.6
,566.1,1,.0,.0,19.7
,566.6,1,.0,.0,19.7
,566.8,2,.1,.1,19.8
,566.9,1,.0,.0,19.8
,567.0,1,.0,.0,19.8
,567.1,1,.0,.0,19.9
,567.3,4,.1,.1,20.0
,567.4,3,.1,.1,20.1
,567.9,2,.1,.1,20.1
,568.0,1,.0,.0,20.2
,568.1,2,.1,.1,20.2
,568.4,2,.1,.1,20.3
,568.5,1,.0,.0,20.3
,568.6,1,.0,.0,20.4
,568.8,2,.1,.1,20.4
,568.9,1,.0,.0,20.5
,569.0,1,.0,.0,20.5
,569.4,1,.0,.0,20.5
,569.5,1,.0,.0,20.6
,569.7,1,.0,.0,20.6
,570.1,2,.1,.1,20.7
,570.3,1,.0,.0,20.7
,570.4,1,.0,.0,20.7
,570.5,1,.0,.0,20.8
,570.6,1,.0,.0,20.8
,570.9,3,.1,.1,20.9
,571.0,1,.0,.0,20.9
,571.3,1,.0,.0,21.0
,571.4,1,.0,.0,21.0
,571.7,2,.1,.1,21.1
,571.9,2,.1,.1,21.1
,572.0,1,.0,.0,21.1
,572.1,1,.0,.0,21.2
,572.2,1,.0,.0,21.2
,572.4,1,.0,.0,21.2
,572.7,1,.0,.0,21.3
,572.9,2,.1,.1,21.3
,573.1,1,.0,.0,21.4
,573.3,1,.0,.0,21.4
,573.6,1,.0,.0,21.4
,573.7,1,.0,.0,21.5
,573.8,2,.1,.1,21.5
,574.3,1,.0,.0,21.6
,574.4,1,.0,.0,21.6
,574.5,2,.1,.1,21.7
,574.6,1,.0,.0,21.7
,574.8,1,.0,.0,21.7
,574.9,2,.1,.1,21.8
,575.0,1,.0,.0,21.8
,575.3,4,.1,.1,22.0
,575.4,2,.1,.1,22.0
,575.6,1,.0,.0,22.1
,576.1,1,.0,.0,22.1
,576.2,2,.1,.1,22.1
,576.3,1,.0,.0,22.2
,576.4,2,.1,.1,22.2
,576.5,1,.0,.0,22.3
,576.6,1,.0,.0,22.3
,576.8,1,.0,.0,22.3
,576.9,2,.1,.1,22.4
,577.0,2,.1,.1,22.5
,577.7,2,.1,.1,22.5
,577.8,1,.0,.0,22.6
,577.9,1,.0,.0,22.6
,578.1,2,.1,.1,22.7
,578.2,1,.0,.0,22.7
,578.6,1,.0,.0,22.7
,578.8,1,.0,.0,22.8
,578.9,1,.0,.0,22.8
,579.0,1,.0,.0,22.8
,579.2,1,.0,.0,22.9
,579.4,1,.0,.0,22.9
,579.5,2,.1,.1,23.0
,579.6,1,.0,.0,23.0
,579.7,2,.1,.1,23.0
,579.8,1,.0,.0,23.1
,579.9,1,.0,.0,23.1
,580.0,1,.0,.0,23.1
,580.4,1,.0,.0,23.2
,580.5,1,.0,.0,23.2
,580.6,2,.1,.1,23.3
,580.8,1,.0,.0,23.3
,580.9,1,.0,.0,23.3
,581.1,1,.0,.0,23.4
,581.5,1,.0,.0,23.4
,581.6,1,.0,.0,23.4
,581.8,3,.1,.1,23.5
,582.1,1,.0,.0,23.6
,582.2,1,.0,.0,23.6
,582.3,1,.0,.0,23.6
,582.5,1,.0,.0,23.7
,582.7,1,.0,.0,23.7
,582.8,2,.1,.1,23.8
,583.0,1,.0,.0,23.8
,583.2,1,.0,.0,23.8
,583.4,1,.0,.0,23.9
,583.5,1,.0,.0,23.9
,583.6,2,.1,.1,24.0
,584.0,1,.0,.0,24.0
,584.3,1,.0,.0,24.0
,584.5,2,.1,.1,24.1
,584.6,1,.0,.0,24.1
,584.7,1,.0,.0,24.1
,584.8,1,.0,.0,24.2
,584.9,1,.0,.0,24.2
,585.1,1,.0,.0,24.2
,585.4,1,.0,.0,24.3
,585.5,2,.1,.1,24.3
,585.6,2,.1,.1,24.4
,585.7,1,.0,.0,24.4
,585.8,1,.0,.0,24.5
,585.9,1,.0,.0,24.5
,586.4,2,.1,.1,24.6
,586.7,1,.0,.0,24.6
,586.8,1,.0,.0,24.6
,587.0,2,.1,.1,24.7
,587.1,2,.1,.1,24.8
,587.4,3,.1,.1,24.9
,587.5,1,.0,.0,24.9
,587.7,1,.0,.0,24.9
,587.9,1,.0,.0,25.0
,588.1,1,.0,.0,25.0
,588.3,1,.0,.0,25.0
,588.5,2,.1,.1,25.1
,588.6,1,.0,.0,25.1
,588.9,1,.0,.0,25.1
,589.0,1,.0,.0,25.2
,589.1,2,.1,.1,25.2
,589.2,1,.0,.0,25.3
,589.3,1,.0,.0,25.3
,589.4,2,.1,.1,25.4
,589.5,1,.0,.0,25.4
,589.7,1,.0,.0,25.4
,590.0,1,.0,.0,25.5
,590.2,3,.1,.1,25.6
,590.4,1,.0,.0,25.6
,590.5,1,.0,.0,25.6
,590.6,1,.0,.0,25.7
,591.5,1,.0,.0,25.7
,591.6,1,.0,.0,25.7
,591.7,1,.0,.0,25.8
,591.9,2,.1,.1,25.8
,592.0,1,.0,.0,25.9
,592.2,2,.1,.1,25.9
,592.5,1,.0,.0,26.0
,592.7,1,.0,.0,26.0
,592.8,1,.0,.0,26.0
,592.9,2,.1,.1,26.1
,593.1,1,.0,.0,26.1
,593.4,1,.0,.0,26.1
,593.5,1,.0,.0,26.2
,593.6,3,.1,.1,26.3
,593.8,2,.1,.1,26.3
,594.1,1,.0,.0,26.4
,594.2,1,.0,.0,26.4
,594.3,1,.0,.0,26.4
,594.4,1,.0,.0,26.5
,594.5,1,.0,.0,26.5
,594.9,1,.0,.0,26.5
,595.0,1,.0,.0,26.6
,595.1,1,.0,.0,26.6
,595.2,1,.0,.0,26.6
,595.3,1,.0,.0,26.7
,595.5,1,.0,.0,26.7
,595.6,2,.1,.1,26.8
,595.7,2,.1,.1,26.8
,595.8,2,.1,.1,26.9
,595.9,2,.1,.1,27.0
,596.4,1,.0,.0,27.0
,596.8,1,.0,.0,27.0
,597.4,1,.0,.0,27.0
,597.5,2,.1,.1,27.1
,597.6,1,.0,.0,27.1
,597.7,2,.1,.1,27.2
,598.2,2,.1,.1,27.3
,598.3,1,.0,.0,27.3
,598.6,1,.0,.0,27.3
,598.8,1,.0,.0,27.4
,599.0,1,.0,.0,27.4
,599.4,1,.0,.0,27.4
,599.5,2,.1,.1,27.5
,599.8,1,.0,.0,27.5
,599.9,1,.0,.0,27.6
,600.0,1,.0,.0,27.6
,600.1,1,.0,.0,27.6
,600.4,3,.1,.1,27.7
,600.6,1,.0,.0,27.8
,600.7,1,.0,.0,27.8
,600.8,1,.0,.0,27.8
,601.1,1,.0,.0,27.9
,601.3,1,.0,.0,27.9
,601.4,1,.0,.0,27.9
,601.5,2,.1,.1,28.0
,601.6,1,.0,.0,28.0
,601.7,1,.0,.0,28.0
,601.8,2,.1,.1,28.1
,601.9,1,.0,.0,28.1
,602.1,1,.0,.0,28.2
,602.4,1,.0,.0,28.2
,602.6,1,.0,.0,28.2
,602.7,1,.0,.0,28.3
,602.8,2,.1,.1,28.3
,602.9,1,.0,.0,28.4
,603.0,3,.1,.1,28.5
,603.3,1,.0,.0,28.5
,603.4,1,.0,.0,28.5
,603.5,1,.0,.0,28.6
,603.6,1,.0,.0,28.6
,603.7,2,.1,.1,28.7
,603.9,1,.0,.0,28.7
,604.0,3,.1,.1,28.8
,604.1,2,.1,.1,28.9
,604.2,2,.1,.1,28.9
,604.3,2,.1,.1,29.0
,604.5,1,.0,.0,29.0
,604.6,1,.0,.0,29.0
,604.9,2,.1,.1,29.1
,605.0,3,.1,.1,29.2
,605.3,1,.0,.0,29.2
,605.4,1,.0,.0,29.3
,605.6,1,.0,.0,29.3
,605.7,1,.0,.0,29.3
,605.8,1,.0,.0,29.4
,605.9,1,.0,.0,29.4
,606.0,1,.0,.0,29.4
,606.6,2,.1,.1,29.5
,606.9,2,.1,.1,29.6
,607.2,2,.1,.1,29.6
,607.3,2,.1,.1,29.7
,607.5,1,.0,.0,29.7
,607.6,1,.0,.0,29.8
,607.7,1,.0,.0,29.8
,607.8,1,.0,.0,29.8
,607.9,2,.1,.1,29.9
,608.0,1,.0,.0,29.9
,608.1,2,.1,.1,30.0
,608.2,2,.1,.1,30.0
,608.6,2,.1,.1,30.1
,608.7,1,.0,.0,30.1
,608.8,1,.0,.0,30.2
,608.9,3,.1,.1,30.3
,609.4,1,.0,.0,30.3
,609.5,2,.1,.1,30.4
,609.6,2,.1,.1,30.4
,609.8,3,.1,.1,30.5
,609.9,1,.0,.0,30.6
,610.0,1,.0,.0,30.6
,610.1,2,.1,.1,30.7
,610.3,1,.0,.0,30.7
,610.4,1,.0,.0,30.7
,610.5,2,.1,.1,30.8
,610.6,1,.0,.0,30.8
,611.0,2,.1,.1,30.9
,611.4,3,.1,.1,31.0
,611.6,1,.0,.0,31.0
,611.7,1,.0,.0,31.0
,611.8,1,.0,.0,31.1
,611.9,1,.0,.0,31.1
,612.2,1,.0,.0,31.1
,612.3,1,.0,.0,31.2
,612.5,2,.1,.1,31.2
,612.6,1,.0,.0,31.3
,612.8,1,.0,.0,31.3
,612.9,1,.0,.0,31.3
,613.1,2,.1,.1,31.4
,613.2,1,.0,.0,31.4
,613.3,2,.1,.1,31.5
,613.4,1,.0,.0,31.5
,613.5,1,.0,.0,31.6
,613.6,1,.0,.0,31.6
,613.9,1,.0,.0,31.6
,614.0,1,.0,.0,31.7
,614.1,1,.0,.0,31.7
,614.3,2,.1,.1,31.8
,614.4,1,.0,.0,31.8
,614.8,1,.0,.0,31.8
,615.0,1,.0,.0,31.9
,615.1,1,.0,.0,31.9
,615.2,1,.0,.0,31.9
,616.1,1,.0,.0,31.9
,616.2,1,.0,.0,32.0
,616.3,1,.0,.0,32.0
,616.4,2,.1,.1,32.1
,616.6,1,.0,.0,32.1
,616.7,1,.0,.0,32.1
,616.9,1,.0,.0,32.2
,617.2,1,.0,.0,32.2
,617.4,2,.1,.1,32.3
,617.5,1,.0,.0,32.3
,618.0,1,.0,.0,32.3
,618.1,1,.0,.0,32.4
,618.2,3,.1,.1,32.5
,618.3,1,.0,.0,32.5
,618.5,2,.1,.1,32.6
,618.8,2,.1,.1,32.6
,618.9,1,.0,.0,32.7
,619.0,1,.0,.0,32.7
,619.1,2,.1,.1,32.8
,619.2,1,.0,.0,32.8
,619.3,2,.1,.1,32.8
,619.4,1,.0,.0,32.9
,619.5,1,.0,.0,32.9
,619.6,1,.0,.0,32.9
,619.8,2,.1,.1,33.0
,619.9,1,.0,.0,33.0
,620.1,3,.1,.1,33.1
,620.2,1,.0,.0,33.2
,620.3,1,.0,.0,33.2
,620.5,1,.0,.0,33.2
,620.8,2,.1,.1,33.3
,620.9,1,.0,.0,33.3
,621.0,1,.0,.0,33.4
,621.2,3,.1,.1,33.5
,621.6,2,.1,.1,33.5
,621.9,1,.0,.0,33.6
,622.0,1,.0,.0,33.6
,622.1,1,.0,.0,33.6
,622.5,1,.0,.0,33.7
,622.8,1,.0,.0,33.7
,622.9,1,.0,.0,33.7
,623.0,1,.0,.0,33.8
,623.1,1,.0,.0,33.8
,623.2,1,.0,.0,33.8
,623.3,2,.1,.1,33.9
,623.4,2,.1,.1,33.9
,623.5,2,.1,.1,34.0
,623.8,1,.0,.0,34.0
,623.9,1,.0,.0,34.1
,624.1,1,.0,.0,34.1
,624.5,1,.0,.0,34.1
,625.1,1,.0,.0,34.2
,625.2,1,.0,.0,34.2
,625.3,1,.0,.0,34.2
,625.4,3,.1,.1,34.3
,625.5,3,.1,.1,34.4
,625.6,2,.1,.1,34.5
,625.8,1,.0,.0,34.5
,626.2,1,.0,.0,34.6
,626.4,2,.1,.1,34.6
,626.5,1,.0,.0,34.7
,626.8,2,.1,.1,34.7
,627.1,1,.0,.0,34.8
,627.2,1,.0,.0,34.8
,627.3,1,.0,.0,34.8
,627.4,2,.1,.1,34.9
,627.7,1,.0,.0,34.9
,627.8,2,.1,.1,35.0
,628.2,1,.0,.0,35.0
,628.7,2,.1,.1,35.1
,628.8,3,.1,.1,35.2
,628.9,1,.0,.0,35.2
,629.0,1,.0,.0,35.2
,629.1,2,.1,.1,35.3
,629.3,2,.1,.1,35.4
,629.4,1,.0,.0,35.4
,629.6,1,.0,.0,35.4
,629.7,2,.1,.1,35.5
,629.9,3,.1,.1,35.6
,630.1,1,.0,.0,35.6
,630.3,1,.0,.0,35.7
,630.4,1,.0,.0,35.7
,630.5,1,.0,.0,35.7
,630.6,3,.1,.1,35.8
,630.7,1,.0,.0,35.8
,631.1,1,.0,.0,35.9
,631.2,1,.0,.0,35.9
,631.5,1,.0,.0,35.9
,631.6,2,.1,.1,36.0
,631.7,1,.0,.0,36.0
,631.8,3,.1,.1,36.1
,632.1,1,.0,.0,36.2
,632.4,2,.1,.1,36.2
,632.5,2,.1,.1,36.3
,632.7,1,.0,.0,36.3
,632.8,1,.0,.0,36.4
,632.9,1,.0,.0,36.4
,633.2,2,.1,.1,36.5
,633.3,3,.1,.1,36.6
,633.4,1,.0,.0,36.6
,633.5,3,.1,.1,36.7
,633.6,1,.0,.0,36.7
,633.8,1,.0,.0,36.8
,633.9,1,.0,.0,36.8
,634.0,1,.0,.0,36.8
,634.4,1,.0,.0,36.8
,634.6,1,.0,.0,36.9
,635.1,2,.1,.1,36.9
,635.2,1,.0,.0,37.0
,635.3,1,.0,.0,37.0
,635.4,1,.0,.0,37.0
,635.7,1,.0,.0,37.1
,635.8,1,.0,.0,37.1
,636.0,3,.1,.1,37.2
,636.1,1,.0,.0,37.2
,636.2,1,.0,.0,37.3
,636.4,3,.1,.1,37.4
,636.5,2,.1,.1,37.4
,636.6,2,.1,.1,37.5
,636.7,2,.1,.1,37.6
,637.0,1,.0,.0,37.6
,637.1,1,.0,.0,37.6
,637.2,1,.0,.0,37.7
,637.7,1,.0,.0,37.7
,637.8,1,.0,.0,37.7
,638.1,1,.0,.0,37.7
,638.2,1,.0,.0,37.8
,638.4,1,.0,.0,37.8
,638.6,3,.1,.1,37.9
,639.2,2,.1,.1,38.0
,639.3,1,.0,.0,38.0
,639.9,2,.1,.1,38.1
,640.0,2,.1,.1,38.1
,640.2,2,.1,.1,38.2
,640.3,1,.0,.0,38.2
,640.7,3,.1,.1,38.3
,640.8,1,.0,.0,38.4
,640.9,2,.1,.1,38.4
,641.0,2,.1,.1,38.5
,641.1,2,.1,.1,38.6
,641.3,2,.1,.1,38.6
,641.5,1,.0,.0,38.7
,641.7,2,.1,.1,38.7
,641.8,1,.0,.0,38.7
,641.9,2,.1,.1,38.8
,642.3,1,.0,.0,38.8
,642.4,2,.1,.1,38.9
,642.5,1,.0,.0,38.9
,642.7,1,.0,.0,39.0
,642.9,3,.1,.1,39.1
,643.1,1,.0,.0,39.1
,643.3,1,.0,.0,39.1
,643.4,2,.1,.1,39.2
,643.6,1,.0,.0,39.2
,644.0,1,.0,.0,39.3
,644.2,1,.0,.0,39.3
,644.8,1,.0,.0,39.3
,644.9,2,.1,.1,39.4
,645.1,1,.0,.0,39.4
,645.2,1,.0,.0,39.5
,645.3,2,.1,.1,39.5
,645.4,1,.0,.0,39.6
,645.6,3,.1,.1,39.7
,645.7,1,.0,.0,39.7
,645.8,1,.0,.0,39.7
,646.0,2,.1,.1,39.8
,646.1,2,.1,.1,39.8
,646.3,1,.0,.0,39.9
,646.4,2,.1,.1,39.9
,646.5,2,.1,.1,40.0
,646.7,2,.1,.1,40.1
,646.9,2,.1,.1,40.1
,647.1,2,.1,.1,40.2
,647.2,2,.1,.1,40.3
,647.6,1,.0,.0,40.3
,647.7,2,.1,.1,40.4
,647.8,1,.0,.0,40.4
,647.9,2,.1,.1,40.5
,648.1,1,.0,.0,40.5
,648.2,1,.0,.0,40.5
,648.3,1,.0,.0,40.6
,648.5,1,.0,.0,40.6
,648.6,1,.0,.0,40.6
,648.7,1,.0,.0,40.7
,648.8,1,.0,.0,40.7
,649.0,2,.1,.1,40.7
,649.1,1,.0,.0,40.8
,649.3,1,.0,.0,40.8
,649.4,1,.0,.0,40.8
,649.5,1,.0,.0,40.9
,649.8,1,.0,.0,40.9
,649.9,2,.1,.1,41.0
,650.1,1,.0,.0,41.0
,650.2,1,.0,.0,41.0
,650.5,2,.1,.1,41.1
,650.6,2,.1,.1,41.2
,650.8,1,.0,.0,41.2
,650.9,1,.0,.0,41.2
,651.0,3,.1,.1,41.3
,651.2,1,.0,.0,41.4
,651.3,2,.1,.1,41.4
,651.4,1,.0,.0,41.5
,651.5,1,.0,.0,41.5
,651.6,1,.0,.0,41.5
,651.8,1,.0,.0,41.6
,651.9,2,.1,.1,41.6
,652.0,1,.0,.0,41.7
,652.1,3,.1,.1,41.7
,652.2,3,.1,.1,41.8
,652.3,1,.0,.0,41.9
,652.6,1,.0,.0,41.9
,652.7,1,.0,.0,41.9
,652.8,1,.0,.0,42.0
,653.0,1,.0,.0,42.0
,653.1,2,.1,.1,42.1
,653.2,3,.1,.1,42.2
,653.5,1,.0,.0,42.2
,653.6,1,.0,.0,42.2
,654.0,2,.1,.1,42.3
,654.3,2,.1,.1,42.4
,654.5,1,.0,.0,42.4
,654.6,1,.0,.0,42.4
,654.7,2,.1,.1,42.5
,654.8,1,.0,.0,42.5
,655.0,2,.1,.1,42.6
,655.1,3,.1,.1,42.7
,655.3,1,.0,.0,42.7
,655.4,1,.0,.0,42.7
,655.6,2,.1,.1,42.8
,655.7,1,.0,.0,42.8
,655.9,1,.0,.0,42.9
,656.0,4,.1,.1,43.0
,656.1,1,.0,.0,43.0
,656.3,2,.1,.1,43.1
,656.6,1,.0,.0,43.1
,656.8,1,.0,.0,43.2
,656.9,2,.1,.1,43.2
,657.0,5,.2,.2,43.4
,657.1,1,.0,.0,43.4
,658.2,1,.0,.0,43.5
,658.4,2,.1,.1,43.5
,658.5,1,.0,.0,43.6
,658.9,1,.0,.0,43.6
,659.0,2,.1,.1,43.6
,659.2,2,.1,.1,43.7
,659.6,2,.1,.1,43.8
,659.7,2,.1,.1,43.8
,659.9,2,.1,.1,43.9
,660.0,1,.0,.0,43.9
,660.1,2,.1,.1,44.0
,660.4,2,.1,.1,44.1
,660.9,1,.0,.0,44.1
,661.0,1,.0,.0,44.1
,661.1,2,.1,.1,44.2
,661.3,1,.0,.0,44.2
,661.4,1,.0,.0,44.3
,661.5,2,.1,.1,44.3
,661.6,2,.1,.1,44.4
,661.7,1,.0,.0,44.4
,661.8,1,.0,.0,44.5
,661.9,2,.1,.1,44.5
,662.0,1,.0,.0,44.6
,662.1,1,.0,.0,44.6
,662.3,1,.0,.0,44.6
,662.4,2,.1,.1,44.7
,662.5,1,.0,.0,44.7
,662.6,1,.0,.0,44.7
,662.9,2,.1,.1,44.8
,663.2,1,.0,.0,44.8
,663.5,1,.0,.0,44.9
,663.6,2,.1,.1,44.9
,663.8,1,.0,.0,45.0
,663.9,3,.1,.1,45.1
,664.0,1,.0,.0,45.1
,664.1,2,.1,.1,45.2
,664.2,2,.1,.1,45.2
,664.3,2,.1,.1,45.3
,664.4,1,.0,.0,45.3
,664.6,2,.1,.1,45.4
,664.7,1,.0,.0,45.4
,664.8,2,.1,.1,45.5
,664.9,2,.1,.1,45.6
,665.0,2,.1,.1,45.6
,665.2,2,.1,.1,45.7
,665.3,1,.0,.0,45.7
,665.4,1,.0,.0,45.7
,665.8,2,.1,.1,45.8
,666.0,3,.1,.1,45.9
,666.4,1,.0,.0,45.9
,666.5,1,.0,.0,46.0
,666.6,1,.0,.0,46.0
,666.7,2,.1,.1,46.1
,666.8,1,.0,.0,46.1
,666.9,1,.0,.0,46.1
,667.1,3,.1,.1,46.2
,667.3,1,.0,.0,46.3
,667.4,1,.0,.0,46.3
,667.9,2,.1,.1,46.4
,668.0,3,.1,.1,46.5
,668.1,2,.1,.1,46.5
,668.2,1,.0,.0,46.6
,668.3,1,.0,.0,46.6
,668.4,1,.0,.0,46.6
,668.5,4,.1,.1,46.7
,668.6,1,.0,.0,46.8
,668.8,1,.0,.0,46.8
,668.9,1,.0,.0,46.8
,669.2,2,.1,.1,46.9
,669.3,3,.1,.1,47.0
,669.5,1,.0,.0,47.0
,669.6,4,.1,.1,47.2
,669.7,1,.0,.0,47.2
,669.8,1,.0,.0,47.2
,669.9,1,.0,.0,47.3
,670.0,1,.0,.0,47.3
,670.2,1,.0,.0,47.3
,670.6,1,.0,.0,47.4
,671.0,1,.0,.0,47.4
,671.1,1,.0,.0,47.4
,671.2,1,.0,.0,47.5
,671.4,3,.1,.1,47.5
,671.5,1,.0,.0,47.6
,671.7,1,.0,.0,47.6
,671.8,2,.1,.1,47.7
,671.9,1,.0,.0,47.7
,672.0,1,.0,.0,47.7
,672.2,1,.0,.0,47.8
,672.5,1,.0,.0,47.8
,672.6,1,.0,.0,47.8
,672.8,1,.0,.0,47.9
,672.9,1,.0,.0,47.9
,673.0,1,.0,.0,47.9
,673.2,1,.0,.0,48.0
,673.3,1,.0,.0,48.0
,673.4,1,.0,.0,48.0
,673.5,1,.0,.0,48.1
,673.6,1,.0,.0,48.1
,673.8,2,.1,.1,48.2
,673.9,1,.0,.0,48.2
,674.0,2,.1,.1,48.3
,674.1,1,.0,.0,48.3
,674.2,2,.1,.1,48.4
,674.9,1,.0,.0,48.4
,675.2,1,.0,.0,48.4
,675.4,1,.0,.0,48.5
,675.5,1,.0,.0,48.5
,675.7,1,.0,.0,48.5
,675.8,1,.0,.0,48.5
,675.9,2,.1,.1,48.6
,676.0,1,.0,.0,48.6
,676.1,1,.0,.0,48.7
,676.2,2,.1,.1,48.7
,676.4,1,.0,.0,48.8
,676.5,2,.1,.1,48.8
,676.9,1,.0,.0,48.9
,677.0,2,.1,.1,48.9
,677.1,1,.0,.0,49.0
,677.3,1,.0,.0,49.0
,677.4,1,.0,.0,49.0
,677.5,1,.0,.0,49.1
,677.6,1,.0,.0,49.1
,677.8,3,.1,.1,49.2
,678.0,1,.0,.0,49.2
,678.3,1,.0,.0,49.3
,678.4,1,.0,.0,49.3
,678.6,1,.0,.0,49.3
,678.7,1,.0,.0,49.4
,678.8,1,.0,.0,49.4
,678.9,1,.0,.0,49.4
,679.0,1,.0,.0,49.5
,679.4,1,.0,.0,49.5
,679.5,2,.1,.1,49.5
,679.9,1,.0,.0,49.6
,680.1,1,.0,.0,49.6
,680.9,1,.0,.0,49.6
,681.0,1,.0,.0,49.7
,681.2,2,.1,.1,49.7
,681.3,1,.0,.0,49.8
,681.4,1,.0,.0,49.8
,681.5,2,.1,.1,49.9
,681.6,1,.0,.0,49.9
,681.9,1,.0,.0,49.9
,682.2,1,.0,.0,50.0
,682.4,1,.0,.0,50.0
,682.5,2,.1,.1,50.1
,683.0,3,.1,.1,50.2
,683.1,4,.1,.1,50.3
,683.2,3,.1,.1,50.4
,683.3,1,.0,.0,50.4
,683.4,2,.1,.1,50.5
,683.5,1,.0,.0,50.5
,683.6,1,.0,.0,50.5
,684.0,2,.1,.1,50.6
,684.1,1,.0,.0,50.6
,684.2,1,.0,.0,50.7
,684.6,2,.1,.1,50.7
,684.8,1,.0,.0,50.8
,685.1,1,.0,.0,50.8
,685.2,1,.0,.0,50.8
,685.5,2,.1,.1,50.9
,685.7,1,.0,.0,50.9
,685.9,2,.1,.1,51.0
,686.0,1,.0,.0,51.0
,686.3,2,.1,.1,51.1
,686.5,2,.1,.1,51.2
,686.7,1,.0,.0,51.2
,687.1,2,.1,.1,51.3
,687.2,2,.1,.1,51.3
,687.3,2,.1,.1,51.4
,687.4,3,.1,.1,51.5
,687.7,2,.1,.1,51.5
,688.0,2,.1,.1,51.6
,688.1,1,.0,.0,51.6
,688.4,2,.1,.1,51.7
,688.8,1,.0,.0,51.7
,688.9,1,.0,.0,51.8
,689.1,1,.0,.0,51.8
,689.2,1,.0,.0,51.8
,689.5,2,.1,.1,51.9
,689.7,1,.0,.0,51.9
,689.8,1,.0,.0,52.0
,690.2,1,.0,.0,52.0
,690.3,1,.0,.0,52.0
,690.6,1,.0,.0,52.1
,690.8,1,.0,.0,52.1
,690.9,1,.0,.0,52.1
,691.0,1,.0,.0,52.2
,691.1,2,.1,.1,52.2
,691.2,1,.0,.0,52.3
,691.3,1,.0,.0,52.3
,691.4,2,.1,.1,52.4
,691.5,2,.1,.1,52.4
,691.7,2,.1,.1,52.5
,691.8,2,.1,.1,52.5
,691.9,1,.0,.0,52.6
,692.0,2,.1,.1,52.6
,692.2,2,.1,.1,52.7
,692.3,2,.1,.1,52.8
,692.4,1,.0,.0,52.8
,692.5,1,.0,.0,52.8
,692.7,1,.0,.0,52.9
,693.1,1,.0,.0,52.9
,693.6,1,.0,.0,52.9
,693.7,1,.0,.0,53.0
,694.0,1,.0,.0,53.0
,694.2,1,.0,.0,53.0
,694.4,1,.0,.0,53.1
,694.6,1,.0,.0,53.1
,694.7,2,.1,.1,53.2
,694.9,1,.0,.0,53.2
,695.2,1,.0,.0,53.2
,695.4,1,.0,.0,53.3
,695.5,1,.0,.0,53.3
,695.6,1,.0,.0,53.3
,696.2,2,.1,.1,53.4
,696.3,1,.0,.0,53.4
,696.4,1,.0,.0,53.4
,696.5,1,.0,.0,53.5
,696.8,1,.0,.0,53.5
,697.0,3,.1,.1,53.6
,697.1,2,.1,.1,53.7
,697.4,1,.0,.0,53.7
,697.5,1,.0,.0,53.7
,697.6,1,.0,.0,53.8
,697.7,1,.0,.0,53.8
,697.9,2,.1,.1,53.9
,698.0,2,.1,.1,53.9
,698.2,3,.1,.1,54.0
,698.3,2,.1,.1,54.1
,698.4,1,.0,.0,54.1
,698.5,1,.0,.0,54.2
,698.6,2,.1,.1,54.2
,698.8,1,.0,.0,54.3
,698.9,1,.0,.0,54.3
,699.0,1,.0,.0,54.3
,699.5,1,.0,.0,54.4
,699.6,3,.1,.1,54.4
,699.7,1,.0,.0,54.5
,699.8,1,.0,.0,54.5
,699.9,2,.1,.1,54.6
,700.0,2,.1,.1,54.6
,700.1,2,.1,.1,54.7
,700.2,1,.0,.0,54.7
,700.3,2,.1,.1,54.8
,700.4,1,.0,.0,54.8
,700.5,1,.0,.0,54.9
,700.6,1,.0,.0,54.9
,700.9,2,.1,.1,55.0
,701.3,1,.0,.0,55.0
,701.4,1,.0,.0,55.0
,701.5,2,.1,.1,55.1
,701.6,1,.0,.0,55.1
,701.7,2,.1,.1,55.2
,701.8,2,.1,.1,55.3
,701.9,3,.1,.1,55.4
,702.0,2,.1,.1,55.4
,702.1,1,.0,.0,55.4
,702.2,2,.1,.1,55.5
,702.3,1,.0,.0,55.5
,702.5,1,.0,.0,55.6
,702.6,1,.0,.0,55.6
,702.8,1,.0,.0,55.6
,702.9,1,.0,.0,55.7
,703.0,1,.0,.0,55.7
,703.5,2,.1,.1,55.8
,703.7,1,.0,.0,55.8
,703.8,2,.1,.1,55.9
,703.9,3,.1,.1,56.0
,704.0,1,.0,.0,56.0
,704.1,1,.0,.0,56.0
,704.4,1,.0,.0,56.1
,704.5,1,.0,.0,56.1
,704.7,2,.1,.1,56.2
,704.8,1,.0,.0,56.2
,705.1,2,.1,.1,56.3
,705.3,2,.1,.1,56.3
,705.6,1,.0,.0,56.4
,705.7,2,.1,.1,56.4
,706.1,1,.0,.0,56.4
,706.3,2,.1,.1,56.5
,706.5,2,.1,.1,56.6
,706.6,1,.0,.0,56.6
,706.7,1,.0,.0,56.6
,706.8,1,.0,.0,56.7
,707.2,1,.0,.0,56.7
,707.3,3,.1,.1,56.8
,707.5,1,.0,.0,56.8
,707.7,1,.0,.0,56.9
,707.9,1,.0,.0,56.9
,708.0,3,.1,.1,57.0
,708.1,1,.0,.0,57.0
,708.2,1,.0,.0,57.1
,708.4,1,.0,.0,57.1
,708.5,1,.0,.0,57.1
,708.6,1,.0,.0,57.2
,708.8,1,.0,.0,57.2
,708.9,2,.1,.1,57.3
,709.1,3,.1,.1,57.4
,709.3,2,.1,.1,57.4
,709.5,2,.1,.1,57.5
,709.6,2,.1,.1,57.5
,709.8,1,.0,.0,57.6
,709.9,1,.0,.0,57.6
,710.1,3,.1,.1,57.7
,710.3,2,.1,.1,57.8
,710.4,1,.0,.0,57.8
,710.6,1,.0,.0,57.8
,710.7,1,.0,.0,57.9
,711.0,1,.0,.0,57.9
,711.1,1,.0,.0,57.9
,711.2,1,.0,.0,58.0
,711.4,3,.1,.1,58.1
,711.6,1,.0,.0,58.1
,711.7,1,.0,.0,58.1
,711.8,1,.0,.0,58.2
,712.0,1,.0,.0,58.2
,712.1,1,.0,.0,58.2
,712.2,2,.1,.1,58.3
,712.4,1,.0,.0,58.3
,712.5,1,.0,.0,58.3
,712.6,2,.1,.1,58.4
,712.9,3,.1,.1,58.5
,713.0,1,.0,.0,58.5
,713.1,1,.0,.0,58.6
,713.3,3,.1,.1,58.7
,713.4,1,.0,.0,58.7
,713.6,2,.1,.1,58.8
,713.7,2,.1,.1,58.8
,714.0,3,.1,.1,58.9
,714.3,1,.0,.0,59.0
,714.5,1,.0,.0,59.0
,714.7,1,.0,.0,59.0
,714.9,1,.0,.0,59.1
,715.0,2,.1,.1,59.1
,715.1,3,.1,.1,59.2
,715.3,2,.1,.1,59.3
,715.7,1,.0,.0,59.3
,715.8,1,.0,.0,59.3
,715.9,1,.0,.0,59.4
,716.0,2,.1,.1,59.4
,716.1,1,.0,.0,59.5
,716.3,1,.0,.0,59.5
,716.4,3,.1,.1,59.6
,716.5,1,.0,.0,59.6
,716.7,3,.1,.1,59.7
,716.9,1,.0,.0,59.8
,717.0,1,.0,.0,59.8
,717.5,2,.1,.1,59.9
,717.6,1,.0,.0,59.9
,717.8,2,.1,.1,60.0
,718.3,1,.0,.0,60.0
,718.4,1,.0,.0,60.0
,718.5,1,.0,.0,60.1
,718.6,1,.0,.0,60.1
,718.7,2,.1,.1,60.2
,719.1,1,.0,.0,60.2
,719.2,2,.1,.1,60.3
,719.3,2,.1,.1,60.3
,719.5,2,.1,.1,60.4
,719.7,1,.0,.0,60.4
,719.8,2,.1,.1,60.5
,719.9,1,.0,.0,60.5
,720.1,3,.1,.1,60.6
,720.2,3,.1,.1,60.7
,720.3,2,.1,.1,60.8
,720.4,1,.0,.0,60.8
,720.5,1,.0,.0,60.8
,720.6,2,.1,.1,60.9
,720.9,1,.0,.0,60.9
,721.0,2,.1,.1,61.0
,721.3,1,.0,.0,61.0
,721.6,1,.0,.0,61.1
,721.7,3,.1,.1,61.2
,721.8,1,.0,.0,61.2
,722.1,1,.0,.0,61.2
,722.2,1,.0,.0,61.3
,722.5,1,.0,.0,61.3
,722.6,1,.0,.0,61.3
,722.8,2,.1,.1,61.4
,722.9,2,.1,.1,61.4
,723.2,1,.0,.0,61.5
,723.3,2,.1,.1,61.5
,723.4,2,.1,.1,61.6
,723.5,2,.1,.1,61.7
,723.6,2,.1,.1,61.7
,723.8,1,.0,.0,61.8
,723.9,1,.0,.0,61.8
,724.0,1,.0,.0,61.8
,724.1,1,.0,.0,61.9
,724.2,3,.1,.1,62.0
,724.3,1,.0,.0,62.0
,724.4,1,.0,.0,62.0
,724.5,1,.0,.0,62.1
,724.6,1,.0,.0,62.1
,724.9,1,.0,.0,62.1
,725.0,1,.0,.0,62.2
,725.1,1,.0,.0,62.2
,725.2,1,.0,.0,62.2
,725.5,1,.0,.0,62.3
,725.6,1,.0,.0,62.3
,725.9,1,.0,.0,62.3
,726.1,1,.0,.0,62.3
,726.2,1,.0,.0,62.4
,726.7,2,.1,.1,62.4
,726.9,1,.0,.0,62.5
,727.0,3,.1,.1,62.6
,727.3,1,.0,.0,62.6
,727.5,1,.0,.0,62.6
,727.6,1,.0,.0,62.7
,727.7,1,.0,.0,62.7
,727.8,1,.0,.0,62.7
,727.9,1,.0,.0,62.8
,728.3,1,.0,.0,62.8
,729.0,1,.0,.0,62.8
,729.4,2,.1,.1,62.9
,729.5,2,.1,.1,63.0
,729.6,1,.0,.0,63.0
,729.7,1,.0,.0,63.0
,729.8,1,.0,.0,63.1
,729.9,2,.1,.1,63.1
,730.0,1,.0,.0,63.2
,730.3,2,.1,.1,63.2
,730.4,1,.0,.0,63.2
,730.5,1,.0,.0,63.3
,730.7,1,.0,.0,63.3
,731.1,1,.0,.0,63.3
,731.2,1,.0,.0,63.4
,731.6,1,.0,.0,63.4
,732.1,3,.1,.1,63.5
,732.3,1,.0,.0,63.5
,732.4,1,.0,.0,63.6
,732.8,3,.1,.1,63.7
,732.9,1,.0,.0,63.7
,733.1,1,.0,.0,63.7
,733.5,2,.1,.1,63.8
,733.6,1,.0,.0,63.8
,733.7,1,.0,.0,63.9
,733.8,2,.1,.1,63.9
,734.6,1,.0,.0,64.0
,734.8,2,.1,.1,64.0
,735.1,3,.1,.1,64.1
,735.4,1,.0,.0,64.2
,735.6,2,.1,.1,64.2
,735.7,1,.0,.0,64.2
,735.8,2,.1,.1,64.3
,735.9,1,.0,.0,64.3
,736.3,2,.1,.1,64.4
,736.4,1,.0,.0,64.4
,736.6,1,.0,.0,64.5
,736.8,1,.0,.0,64.5
,736.9,1,.0,.0,64.5
,737.1,2,.1,.1,64.6
,737.2,1,.0,.0,64.6
,737.3,2,.1,.1,64.7
,737.6,1,.0,.0,64.7
,737.7,1,.0,.0,64.8
,737.9,3,.1,.1,64.9
,738.0,1,.0,.0,64.9
,738.3,1,.0,.0,64.9
,738.8,1,.0,.0,65.0
,738.9,1,.0,.0,65.0
,739.3,1,.0,.0,65.0
,739.7,1,.0,.0,65.1
,740.2,2,.1,.1,65.1
,740.5,2,.1,.1,65.2
,740.6,1,.0,.0,65.2
,740.8,2,.1,.1,65.3
,740.9,1,.0,.0,65.3
,741.0,1,.0,.0,65.3
,741.1,1,.0,.0,65.4
,741.2,1,.0,.0,65.4
,741.3,1,.0,.0,65.4
,741.4,1,.0,.0,65.5
,741.5,2,.1,.1,65.5
,741.6,2,.1,.1,65.6
,741.7,2,.1,.1,65.7
,741.9,1,.0,.0,65.7
,742.1,2,.1,.1,65.8
,742.4,1,.0,.0,65.8
,742.5,2,.1,.1,65.9
,742.6,2,.1,.1,65.9
,742.7,1,.0,.0,66.0
,742.8,1,.0,.0,66.0
,743.0,2,.1,.1,66.1
,743.1,1,.0,.0,66.1
,743.3,1,.0,.0,66.1
,743.4,2,.1,.1,66.2
,743.5,2,.1,.1,66.2
,743.6,1,.0,.0,66.3
,743.7,1,.0,.0,66.3
,743.8,1,.0,.0,66.3
,743.9,4,.1,.1,66.5
,744.0,1,.0,.0,66.5
,744.1,1,.0,.0,66.5
,744.4,1,.0,.0,66.6
,744.6,1,.0,.0,66.6
,744.7,1,.0,.0,66.6
,744.8,1,.0,.0,66.7
,745.1,1,.0,.0,66.7
,745.3,2,.1,.1,66.8
,745.5,1,.0,.0,66.8
,745.6,1,.0,.0,66.8
,746.0,1,.0,.0,66.9
,746.1,2,.1,.1,66.9
,746.3,1,.0,.0,67.0
,746.8,1,.0,.0,67.0
,746.9,2,.1,.1,67.1
,747.1,1,.0,.0,67.1
,747.3,1,.0,.0,67.1
,747.6,1,.0,.0,67.2
,747.7,3,.1,.1,67.2
,747.8,2,.1,.1,67.3
,748.0,1,.0,.0,67.3
,748.1,1,.0,.0,67.4
,748.2,1,.0,.0,67.4
,748.6,1,.0,.0,67.4
,748.7,1,.0,.0,67.5
,749.1,1,.0,.0,67.5
,749.2,1,.0,.0,67.5
,749.3,1,.0,.0,67.6
,750.0,2,.1,.1,67.6
,750.2,1,.0,.0,67.7
,750.3,1,.0,.0,67.7
,750.4,2,.1,.1,67.8
,750.7,4,.1,.1,67.9
,750.8,1,.0,.0,67.9
,751.1,1,.0,.0,68.0
,751.4,1,.0,.0,68.0
,751.7,2,.1,.1,68.1
,752.3,1,.0,.0,68.1
,752.4,1,.0,.0,68.1
,752.5,1,.0,.0,68.1
,752.6,1,.0,.0,68.2
,752.7,1,.0,.0,68.2
,752.9,2,.1,.1,68.3
,753.1,2,.1,.1,68.3
,753.5,1,.0,.0,68.4
,753.6,1,.0,.0,68.4
,753.9,1,.0,.0,68.4
,754.0,1,.0,.0,68.5
,754.4,1,.0,.0,68.5
,755.0,1,.0,.0,68.5
,755.3,2,.1,.1,68.6
,755.4,1,.0,.0,68.6
,755.5,3,.1,.1,68.7
,755.7,1,.0,.0,68.8
,756.0,1,.0,.0,68.8
,756.2,1,.0,.0,68.8
,756.3,2,.1,.1,68.9
,756.5,1,.0,.0,68.9
,756.9,4,.1,.1,69.1
,757.0,1,.0,.0,69.1
,757.1,1,.0,.0,69.1
,757.2,1,.0,.0,69.1
,757.3,1,.0,.0,69.2
,757.5,2,.1,.1,69.2
,758.1,2,.1,.1,69.3
,758.2,1,.0,.0,69.3
,758.3,3,.1,.1,69.4
,758.4,1,.0,.0,69.5
,759.0,1,.0,.0,69.5
,759.2,1,.0,.0,69.5
,759.4,1,.0,.0,69.6
,759.6,1,.0,.0,69.6
,759.7,3,.1,.1,69.7
,759.8,2,.1,.1,69.8
,760.2,1,.0,.0,69.8
,760.3,2,.1,.1,69.9
,760.4,1,.0,.0,69.9
,760.9,1,.0,.0,69.9
,761.2,1,.0,.0,70.0
,761.3,1,.0,.0,70.0
,761.5,1,.0,.0,70.0
,761.9,3,.1,.1,70.1
,762.0,2,.1,.1,70.2
,762.2,1,.0,.0,70.2
,762.3,1,.0,.0,70.2
,762.5,1,.0,.0,70.3
,762.8,2,.1,.1,70.3
,762.9,1,.0,.0,70.4
,763.1,1,.0,.0,70.4
,763.6,1,.0,.0,70.4
,763.7,2,.1,.1,70.5
,763.9,2,.1,.1,70.6
,764.0,1,.0,.0,70.6
,764.1,2,.1,.1,70.7
,764.2,3,.1,.1,70.8
,764.6,1,.0,.0,70.8
,764.9,3,.1,.1,70.9
,765.1,2,.1,.1,71.0
,765.4,1,.0,.0,71.0
,765.6,1,.0,.0,71.0
,765.8,1,.0,.0,71.1
,765.9,1,.0,.0,71.1
,766.4,1,.0,.0,71.1
,766.6,1,.0,.0,71.1
,767.2,2,.1,.1,71.2
,767.4,1,.0,.0,71.2
,767.5,1,.0,.0,71.3
,767.6,1,.0,.0,71.3
,767.8,1,.0,.0,71.3
,768.0,2,.1,.1,71.4
,768.2,2,.1,.1,71.5
,768.3,1,.0,.0,71.5
,768.9,1,.0,.0,71.5
,769.0,1,.0,.0,71.6
,769.3,2,.1,.1,71.6
,769.4,1,.0,.0,71.7
,769.5,1,.0,.0,71.7
,769.6,1,.0,.0,71.7
,769.8,1,.0,.0,71.8
,769.9,1,.0,.0,71.8
,770.0,1,.0,.0,71.8
,770.2,1,.0,.0,71.9
,770.4,1,.0,.0,71.9
,770.8,1,.0,.0,71.9
,771.0,1,.0,.0,72.0
,771.1,1,.0,.0,72.0
,771.2,1,.0,.0,72.0
,771.3,1,.0,.0,72.1
,771.7,2,.1,.1,72.1
,772.2,2,.1,.1,72.2
,772.4,1,.0,.0,72.2
,772.5,1,.0,.0,72.2
,772.7,1,.0,.0,72.3
,772.8,1,.0,.0,72.3
,772.9,1,.0,.0,72.3
,773.1,2,.1,.1,72.4
,773.2,2,.1,.1,72.5
,773.3,1,.0,.0,72.5
,773.4,1,.0,.0,72.5
,773.6,1,.0,.0,72.6
,773.8,1,.0,.0,72.6
,773.9,1,.0,.0,72.6
,774.0,2,.1,.1,72.7
,774.4,1,.0,.0,72.7
,774.9,1,.0,.0,72.8
,775.0,1,.0,.0,72.8
,775.2,1,.0,.0,72.8
,775.4,1,.0,.0,72.9
,775.8,1,.0,.0,72.9
,776.3,2,.1,.1,73.0
,776.4,1,.0,.0,73.0
,776.6,2,.1,.1,73.0
,776.8,2,.1,.1,73.1
,777.2,1,.0,.0,73.1
,777.3,1,.0,.0,73.2
,777.5,1,.0,.0,73.2
,777.8,1,.0,.0,73.2
,777.9,1,.0,.0,73.3
,778.0,1,.0,.0,73.3
,778.1,2,.1,.1,73.4
,778.2,3,.1,.1,73.5
,779.0,2,.1,.1,73.5
,779.3,1,.0,.0,73.6
,779.6,1,.0,.0,73.6
,779.7,1,.0,.0,73.6
,779.8,1,.0,.0,73.7
,780.1,1,.0,.0,73.7
,780.4,1,.0,.0,73.7
,780.5,1,.0,.0,73.8
,780.6,1,.0,.0,73.8
,781.0,1,.0,.0,73.8
,781.2,1,.0,.0,73.9
,781.9,1,.0,.0,73.9
,782.0,1,.0,.0,73.9
,782.3,3,.1,.1,74.0
,782.4,3,.1,.1,74.1
,782.5,1,.0,.0,74.1
,782.8,2,.1,.1,74.2
,782.9,1,.0,.0,74.2
,783.2,1,.0,.0,74.3
,783.4,1,.0,.0,74.3
,783.5,1,.0,.0,74.3
,783.6,3,.1,.1,74.4
,783.9,2,.1,.1,74.5
,784.3,1,.0,.0,74.5
,784.4,1,.0,.0,74.6
,784.6,1,.0,.0,74.6
,784.7,1,.0,.0,74.6
,784.8,1,.0,.0,74.7
,784.9,1,.0,.0,74.7
,785.1,1,.0,.0,74.7
,785.8,1,.0,.0,74.8
,785.9,1,.0,.0,74.8
,786.0,1,.0,.0,74.8
,786.3,2,.1,.1,74.9
,786.6,1,.0,.0,74.9
,786.9,1,.0,.0,75.0
,787.2,1,.0,.0,75.0
,787.5,2,.1,.1,75.0
,787.6,1,.0,.0,75.1
,787.7,3,.1,.1,75.2
,788.2,1,.0,.0,75.2
,788.7,1,.0,.0,75.2
,788.8,1,.0,.0,75.3
,789.1,1,.0,.0,75.3
,789.7,3,.1,.1,75.4
,789.8,1,.0,.0,75.4
,790.3,1,.0,.0,75.5
,790.5,1,.0,.0,75.5
,790.7,1,.0,.0,75.5
,790.9,1,.0,.0,75.6
,791.1,1,.0,.0,75.6
,791.2,2,.1,.1,75.7
,791.3,1,.0,.0,75.7
,791.6,1,.0,.0,75.7
,791.7,2,.1,.1,75.8
,791.9,1,.0,.0,75.8
,792.1,1,.0,.0,75.9
,793.1,2,.1,.1,75.9
,793.3,1,.0,.0,76.0
,793.6,1,.0,.0,76.0
,793.8,2,.1,.1,76.0
,793.9,1,.0,.0,76.1
,794.0,1,.0,.0,76.1
,794.2,1,.0,.0,76.1
,794.3,2,.1,.1,76.2
,794.7,2,.1,.1,76.3
,794.8,1,.0,.0,76.3
,795.6,1,.0,.0,76.3
,795.8,1,.0,.0,76.4
,795.9,2,.1,.1,76.4
,796.1,1,.0,.0,76.5
,796.2,1,.0,.0,76.5
,796.4,1,.0,.0,76.5
,796.7,1,.0,.0,76.6
,796.8,1,.0,.0,76.6
,796.9,1,.0,.0,76.6
,797.2,1,.0,.0,76.7
,797.5,1,.0,.0,76.7
,797.6,2,.1,.1,76.8
,798.0,1,.0,.0,76.8
,798.1,1,.0,.0,76.8
,798.4,1,.0,.0,76.9
,798.7,1,.0,.0,76.9
,798.9,1,.0,.0,76.9
,799.0,1,.0,.0,77.0
,799.7,2,.1,.1,77.0
,799.9,1,.0,.0,77.0
,800.0,2,.1,.1,77.1
,800.2,1,.0,.0,77.1
,800.6,1,.0,.0,77.2
,800.8,2,.1,.1,77.2
,801.2,1,.0,.0,77.3
,801.3,1,.0,.0,77.3
,801.6,1,.0,.0,77.3
,801.7,2,.1,.1,77.4
,801.8,2,.1,.1,77.5
,801.9,2,.1,.1,77.5
,802.1,2,.1,.1,77.6
,802.3,1,.0,.0,77.6
,802.5,1,.0,.0,77.7
,802.6,1,.0,.0,77.7
,803.0,1,.0,.0,77.7
,803.1,2,.1,.1,77.8
,803.3,1,.0,.0,77.8
,803.5,1,.0,.0,77.9
,803.8,2,.1,.1,77.9
,803.9,1,.0,.0,77.9
,804.2,1,.0,.0,78.0
,804.5,1,.0,.0,78.0
,804.6,1,.0,.0,78.0
,804.7,1,.0,.0,78.1
,804.8,1,.0,.0,78.1
,805.0,1,.0,.0,78.1
,805.3,1,.0,.0,78.2
,805.4,3,.1,.1,78.3
,806.2,1,.0,.0,78.3
,806.3,2,.1,.1,78.4
,806.5,1,.0,.0,78.4
,806.8,2,.1,.1,78.5
,807.4,2,.1,.1,78.5
,807.5,1,.0,.0,78.6
,807.6,1,.0,.0,78.6
,807.7,1,.0,.0,78.6
,808.2,1,.0,.0,78.7
,808.3,1,.0,.0,78.7
,808.5,1,.0,.0,78.7
,808.7,1,.0,.0,78.8
,809.1,1,.0,.0,78.8
,809.3,1,.0,.0,78.8
,809.5,1,.0,.0,78.9
,809.6,1,.0,.0,78.9
,809.7,2,.1,.1,78.9
,810.4,1,.0,.0,79.0
,810.5,1,.0,.0,79.0
,810.8,1,.0,.0,79.0
,811.4,1,.0,.0,79.1
,811.5,1,.0,.0,79.1
,811.7,1,.0,.0,79.1
,811.8,1,.0,.0,79.2
,811.9,1,.0,.0,79.2
,812.0,1,.0,.0,79.2
,812.3,1,.0,.0,79.3
,812.4,1,.0,.0,79.3
,812.6,1,.0,.0,79.3
,813.1,2,.1,.1,79.4
,813.2,1,.0,.0,79.4
,813.3,1,.0,.0,79.5
,813.4,1,.0,.0,79.5
,813.6,1,.0,.0,79.5
,813.8,2,.1,.1,79.6
,814.0,1,.0,.0,79.6
,814.2,1,.0,.0,79.7
,814.6,1,.0,.0,79.7
,814.7,1,.0,.0,79.7
,814.8,1,.0,.0,79.8
,814.9,2,.1,.1,79.8
,815.0,1,.0,.0,79.9
,815.3,2,.1,.1,79.9
,815.5,2,.1,.1,80.0
,815.6,1,.0,.0,80.0
,816.5,1,.0,.0,80.0
,816.6,1,.0,.0,80.1
,816.7,2,.1,.1,80.1
,816.9,1,.0,.0,80.2
,817.9,1,.0,.0,80.2
,818.1,1,.0,.0,80.2
,818.3,1,.0,.0,80.3
,818.4,1,.0,.0,80.3
,818.6,1,.0,.0,80.3
,818.9,1,.0,.0,80.4
,819.0,1,.0,.0,80.4
,819.6,1,.0,.0,80.4
,820.0,3,.1,.1,80.5
,820.5,2,.1,.1,80.6
,820.8,1,.0,.0,80.6
,820.9,1,.0,.0,80.7
,821.4,1,.0,.0,80.7
,822.0,1,.0,.0,80.7
,822.2,2,.1,.1,80.8
,822.3,1,.0,.0,80.8
,822.4,1,.0,.0,80.9
,822.5,1,.0,.0,80.9
,822.6,1,.0,.0,80.9
,822.7,1,.0,.0,80.9
,822.8,1,.0,.0,81.0
,823.1,1,.0,.0,81.0
,823.3,1,.0,.0,81.0
,823.4,1,.0,.0,81.1
,823.8,1,.0,.0,81.1
,823.9,1,.0,.0,81.1
,824.0,1,.0,.0,81.2
,824.3,1,.0,.0,81.2
,824.4,1,.0,.0,81.2
,824.5,1,.0,.0,81.3
,824.6,1,.0,.0,81.3
,825.1,1,.0,.0,81.3
,825.6,2,.1,.1,81.4
,825.9,2,.1,.1,81.5
,826.2,1,.0,.0,81.5
,826.4,1,.0,.0,81.5
,826.5,1,.0,.0,81.6
,826.6,1,.0,.0,81.6
,827.1,1,.0,.0,81.6
,827.3,1,.0,.0,81.7
,827.5,2,.1,.1,81.7
,827.6,1,.0,.0,81.8
,828.0,2,.1,.1,81.8
,828.3,1,.0,.0,81.9
,828.4,1,.0,.0,81.9
,828.8,2,.1,.1,81.9
,829.2,1,.0,.0,82.0
,829.3,2,.1,.1,82.0
,829.4,1,.0,.0,82.1
,829.5,1,.0,.0,82.1
,829.6,1,.0,.0,82.1
,829.8,4,.1,.1,82.3
,830.5,1,.0,.0,82.3
,831.2,2,.1,.1,82.4
,831.3,1,.0,.0,82.4
,831.7,1,.0,.0,82.4
,832.0,1,.0,.0,82.5
,832.4,1,.0,.0,82.5
,832.6,1,.0,.0,82.5
,833.0,2,.1,.1,82.6
,833.1,1,.0,.0,82.6
,833.4,2,.1,.1,82.7
,834.0,1,.0,.0,82.7
,834.1,1,.0,.0,82.8
,834.2,1,.0,.0,82.8
,834.3,1,.0,.0,82.8
,834.9,1,.0,.0,82.8
,835.2,3,.1,.1,82.9
,835.3,1,.0,.0,83.0
,835.6,2,.1,.1,83.0
,835.8,1,.0,.0,83.1
,836.0,1,.0,.0,83.1
,836.3,1,.0,.0,83.1
,836.4,2,.1,.1,83.2
,836.5,1,.0,.0,83.2
,836.8,1,.0,.0,83.3
,837.1,2,.1,.1,83.3
,837.3,1,.0,.0,83.4
,837.6,1,.0,.0,83.4
,837.9,1,.0,.0,83.4
,838.1,1,.0,.0,83.5
,838.7,2,.1,.1,83.5
,839.0,1,.0,.0,83.6
,839.5,1,.0,.0,83.6
,839.6,1,.0,.0,83.6
,839.7,1,.0,.0,83.7
,839.9,1,.0,.0,83.7
,840.1,1,.0,.0,83.7
,840.4,1,.0,.0,83.8
,840.6,1,.0,.0,83.8
,840.7,1,.0,.0,83.8
,841.4,1,.0,.0,83.8
,841.6,1,.0,.0,83.9
,841.9,1,.0,.0,83.9
,842.0,1,.0,.0,83.9
,842.3,2,.1,.1,84.0
,842.5,2,.1,.1,84.1
,842.8,1,.0,.0,84.1
,843.0,1,.0,.0,84.1
,843.1,1,.0,.0,84.2
,843.3,1,.0,.0,84.2
,843.4,1,.0,.0,84.2
,844.0,1,.0,.0,84.3
,844.2,1,.0,.0,84.3
,844.5,1,.0,.0,84.3
,844.6,1,.0,.0,84.4
,844.7,1,.0,.0,84.4
,844.8,1,.0,.0,84.4
,844.9,1,.0,.0,84.5
,845.2,2,.1,.1,84.5
,845.3,2,.1,.1,84.6
,845.8,2,.1,.1,84.7
,846.0,2,.1,.1,84.7
,846.8,1,.0,.0,84.8
,846.9,2,.1,.1,84.8
,847.2,1,.0,.0,84.8
,847.3,2,.1,.1,84.9
,847.9,1,.0,.0,84.9
,848.1,1,.0,.0,85.0
,848.2,2,.1,.1,85.0
,848.3,1,.0,.0,85.1
,848.8,2,.1,.1,85.1
,849.0,1,.0,.0,85.2
,849.5,1,.0,.0,85.2
,849.8,2,.1,.1,85.3
,849.9,1,.0,.0,85.3
,850.6,1,.0,.0,85.3
,850.7,1,.0,.0,85.4
,850.8,1,.0,.0,85.4
,850.9,1,.0,.0,85.4
,851.1,1,.0,.0,85.5
,851.2,1,.0,.0,85.5
,852.2,1,.0,.0,85.5
,852.3,2,.1,.1,85.6
,852.7,1,.0,.0,85.6
,852.8,1,.0,.0,85.7
,852.9,1,.0,.0,85.7
,853.2,1,.0,.0,85.7
,853.3,1,.0,.0,85.8
,853.4,1,.0,.0,85.8
,853.7,1,.0,.0,85.8
,854.1,1,.0,.0,85.8
,854.6,1,.0,.0,85.9
,854.9,1,.0,.0,85.9
,855.6,2,.1,.1,86.0
,855.7,1,.0,.0,86.0
,855.8,1,.0,.0,86.0
,856.2,1,.0,.0,86.1
,856.3,1,.0,.0,86.1
,857.1,1,.0,.0,86.1
,857.4,1,.0,.0,86.2
,857.7,2,.1,.1,86.2
,858.2,1,.0,.0,86.3
,858.4,2,.1,.1,86.3
,858.9,1,.0,.0,86.4
,859.2,2,.1,.1,86.4
,859.5,1,.0,.0,86.5
,860.1,1,.0,.0,86.5
,860.3,1,.0,.0,86.5
,860.6,1,.0,.0,86.6
,860.8,1,.0,.0,86.6
,860.9,1,.0,.0,86.6
,861.1,2,.1,.1,86.7
,862.1,1,.0,.0,86.7
,862.5,1,.0,.0,86.8
,862.6,1,.0,.0,86.8
,863.3,1,.0,.0,86.8
,863.6,1,.0,.0,86.8
,863.9,1,.0,.0,86.9
,864.5,1,.0,.0,86.9
,864.9,2,.1,.1,87.0
,865.2,1,.0,.0,87.0
,865.3,2,.1,.1,87.1
,865.6,1,.0,.0,87.1
,865.9,1,.0,.0,87.1
,866.0,1,.0,.0,87.2
,866.4,1,.0,.0,87.2
,867.0,1,.0,.0,87.2
,867.4,1,.0,.0,87.3
,867.8,1,.0,.0,87.3
,868.6,3,.1,.1,87.4
,868.9,2,.1,.1,87.5
,869.0,1,.0,.0,87.5
,869.3,1,.0,.0,87.5
,869.6,1,.0,.0,87.6
,870.0,2,.1,.1,87.6
,870.1,2,.1,.1,87.7
,870.3,2,.1,.1,87.7
,870.5,1,.0,.0,87.8
,870.7,1,.0,.0,87.8
,871.1,1,.0,.0,87.8
,872.0,1,.0,.0,87.9
,872.3,1,.0,.0,87.9
,872.5,1,.0,.0,87.9
,872.6,1,.0,.0,88.0
,872.9,1,.0,.0,88.0
,873.7,1,.0,.0,88.0
,874.0,1,.0,.0,88.1
,874.7,1,.0,.0,88.1
,874.8,1,.0,.0,88.1
,875.0,1,.0,.0,88.2
,875.1,1,.0,.0,88.2
,875.6,1,.0,.0,88.2
,875.9,1,.0,.0,88.3
,876.0,1,.0,.0,88.3
,876.5,1,.0,.0,88.3
,876.8,2,.1,.1,88.4
,877.9,1,.0,.0,88.4
,879.4,1,.0,.0,88.5
,879.5,2,.1,.1,88.5
,879.7,1,.0,.0,88.6
,879.8,1,.0,.0,88.6
,880.0,1,.0,.0,88.6
,880.3,1,.0,.0,88.7
,881.0,1,.0,.0,88.7
,882.2,1,.0,.0,88.7
,884.6,1,.0,.0,88.7
,885.0,1,.0,.0,88.8
,885.4,1,.0,.0,88.8
,885.5,2,.1,.1,88.9
,885.6,1,.0,.0,88.9
,886.2,1,.0,.0,88.9
,886.5,1,.0,.0,89.0
,887.3,1,.0,.0,89.0
,887.6,1,.0,.0,89.0
,887.8,1,.0,.0,89.1
,888.6,1,.0,.0,89.1
,889.6,1,.0,.0,89.1
,889.8,1,.0,.0,89.2
,890.3,1,.0,.0,89.2
,890.6,1,.0,.0,89.2
,891.0,1,.0,.0,89.3
,891.1,1,.0,.0,89.3
,891.4,1,.0,.0,89.3
,892.1,2,.1,.1,89.4
,892.3,1,.0,.0,89.4
,892.7,1,.0,.0,89.5
,892.8,1,.0,.0,89.5
,892.9,1,.0,.0,89.5
,893.6,4,.1,.1,89.7
,894.0,1,.0,.0,89.7
,894.1,1,.0,.0,89.7
,894.4,1,.0,.0,89.7
,894.5,1,.0,.0,89.8
,895.2,1,.0,.0,89.8
,897.0,1,.0,.0,89.8
,897.1,1,.0,.0,89.9
,897.5,1,.0,.0,89.9
,897.6,1,.0,.0,89.9
,898.0,1,.0,.0,90.0
,898.1,1,.0,.0,90.0
,898.5,2,.1,.1,90.1
,898.6,1,.0,.0,90.1
,898.7,1,.0,.0,90.1
,898.8,1,.0,.0,90.2
,899.5,1,.0,.0,90.2
,899.8,1,.0,.0,90.2
,900.3,1,.0,.0,90.3
,900.4,3,.1,.1,90.4
,900.9,1,.0,.0,90.4
,901.0,1,.0,.0,90.4
,901.4,1,.0,.0,90.5
,901.5,1,.0,.0,90.5
,901.9,1,.0,.0,90.5
,902.8,1,.0,.0,90.6
,902.9,1,.0,.0,90.6
,903.2,1,.0,.0,90.6
,903.8,1,.0,.0,90.7
,904.9,1,.0,.0,90.7
,905.0,1,.0,.0,90.7
,905.1,1,.0,.0,90.7
,905.3,1,.0,.0,90.8
,905.7,1,.0,.0,90.8
,905.9,2,.1,.1,90.9
,907.0,1,.0,.0,90.9
,907.6,1,.0,.0,90.9
,908.0,2,.1,.1,91.0
,908.3,2,.1,.1,91.1
,909.0,1,.0,.0,91.1
,909.2,1,.0,.0,91.1
,909.3,1,.0,.0,91.2
,909.9,1,.0,.0,91.2
,910.0,1,.0,.0,91.2
,910.1,1,.0,.0,91.3
,910.4,1,.0,.0,91.3
,911.7,1,.0,.0,91.3
,911.8,1,.0,.0,91.4
,911.9,1,.0,.0,91.4
,912.0,1,.0,.0,91.4
,912.6,1,.0,.0,91.5
,913.1,1,.0,.0,91.5
,913.3,1,.0,.0,91.5
,913.5,1,.0,.0,91.6
,914.0,1,.0,.0,91.6
,914.6,1,.0,.0,91.6
,915.3,1,.0,.0,91.7
,915.4,1,.0,.0,91.7
,915.5,1,.0,.0,91.7
,915.9,1,.0,.0,91.7
,916.0,1,.0,.0,91.8
,916.2,1,.0,.0,91.8
,916.5,1,.0,.0,91.8
,917.0,1,.0,.0,91.9
,917.6,1,.0,.0,91.9
,917.8,2,.1,.1,92.0
,918.6,1,.0,.0,92.0
,918.7,1,.0,.0,92.0
,919.6,1,.0,.0,92.1
,920.7,1,.0,.0,92.1
,921.1,1,.0,.0,92.1
,921.6,1,.0,.0,92.2
,922.2,1,.0,.0,92.2
,922.5,1,.0,.0,92.2
,922.8,1,.0,.0,92.3
,923.1,1,.0,.0,92.3
,923.3,2,.1,.1,92.4
,923.6,1,.0,.0,92.4
,923.8,1,.0,.0,92.4
,924.5,1,.0,.0,92.5
,925.1,1,.0,.0,92.5
,925.9,1,.0,.0,92.5
,926.1,1,.0,.0,92.6
,926.3,1,.0,.0,92.6
,927.0,1,.0,.0,92.6
,927.1,1,.0,.0,92.6
,928.2,1,.0,.0,92.7
,928.4,1,.0,.0,92.7
,928.7,1,.0,.0,92.7
,929.2,2,.1,.1,92.8
,929.5,1,.0,.0,92.8
,930.2,1,.0,.0,92.9
,930.3,1,.0,.0,92.9
,931.3,1,.0,.0,92.9
,931.9,1,.0,.0,93.0
,932.1,1,.0,.0,93.0
,932.9,1,.0,.0,93.0
,933.2,1,.0,.0,93.1
,933.7,1,.0,.0,93.1
,933.8,1,.0,.0,93.1
,934.1,1,.0,.0,93.2
,934.9,1,.0,.0,93.2
,935.9,1,.0,.0,93.2
,936.1,1,.0,.0,93.3
,937.1,2,.1,.1,93.3
,937.2,1,.0,.0,93.4
,937.3,1,.0,.0,93.4
,937.6,1,.0,.0,93.4
,937.8,1,.0,.0,93.5
,938.8,2,.1,.1,93.5
,939.1,1,.0,.0,93.6
,939.2,1,.0,.0,93.6
,939.6,1,.0,.0,93.6
,939.7,2,.1,.1,93.7
,940.0,1,.0,.0,93.7
,940.2,1,.0,.0,93.7
,940.3,1,.0,.0,93.8
,942.0,1,.0,.0,93.8
,942.1,1,.0,.0,93.8
,942.6,1,.0,.0,93.9
,942.8,2,.1,.1,93.9
,943.0,1,.0,.0,94.0
,943.1,1,.0,.0,94.0
,943.5,1,.0,.0,94.0
,943.7,1,.0,.0,94.1
,944.0,1,.0,.0,94.1
,944.2,1,.0,.0,94.1
,944.8,1,.0,.0,94.2
,945.0,3,.1,.1,94.3
,946.0,1,.0,.0,94.3
,946.2,1,.0,.0,94.3
,946.3,1,.0,.0,94.4
,947.0,1,.0,.0,94.4
,948.5,1,.0,.0,94.4
,949.3,2,.1,.1,94.5
,949.4,2,.1,.1,94.6
,950.3,1,.0,.0,94.6
,950.4,1,.0,.0,94.6
,954.0,1,.0,.0,94.6
,954.9,1,.0,.0,94.7
,955.6,1,.0,.0,94.7
,955.8,1,.0,.0,94.7
,957.7,2,.1,.1,94.8
,958.0,1,.0,.0,94.8
,958.5,1,.0,.0,94.9
,959.0,1,.0,.0,94.9
,959.1,1,.0,.0,94.9
,960.0,1,.0,.0,95.0
,961.8,1,.0,.0,95.0
,961.9,1,.0,.0,95.0
,962.4,1,.0,.0,95.1
,962.6,1,.0,.0,95.1
,963.5,1,.0,.0,95.1
,963.7,1,.0,.0,95.2
,966.3,1,.0,.0,95.2
,967.2,1,.0,.0,95.2
,968.3,1,.0,.0,95.3
,969.5,1,.0,.0,95.3
,969.8,1,.0,.0,95.3
,969.9,1,.0,.0,95.4
,970.1,1,.0,.0,95.4
,971.1,1,.0,.0,95.4
,971.5,1,.0,.0,95.5
,972.3,2,.1,.1,95.5
,972.6,1,.0,.0,95.6
,972.9,1,.0,.0,95.6
,973.2,1,.0,.0,95.6
,978.3,1,.0,.0,95.6
,978.5,1,.0,.0,95.7
,979.3,1,.0,.0,95.7
,982.0,1,.0,.0,95.7
,982.2,1,.0,.0,95.8
,982.4,1,.0,.0,95.8
,983.1,1,.0,.0,95.8
,983.5,1,.0,.0,95.9
,983.8,1,.0,.0,95.9
,984.0,1,.0,.0,95.9
,984.5,1,.0,.0,96.0
,984.6,1,.0,.0,96.0
,984.7,1,.0,.0,96.0
,985.6,1,.0,.0,96.1
,986.1,1,.0,.0,96.1
,986.8,1,.0,.0,96.1
,987.7,1,.0,.0,96.2
,988.6,1,.0,.0,96.2
,988.7,1,.0,.0,96.2
,989.3,1,.0,.0,96.3
,990.0,1,.0,.0,96.3
,991.8,1,.0,.0,96.3
,992.1,1,.0,.0,96.4
,992.4,1,.0,.0,96.4
,993.3,1,.0,.0,96.4
,993.7,1,.0,.0,96.5
,993.9,1,.0,.0,96.5
,994.3,1,.0,.0,96.5
,995.8,1,.0,.0,96.6
,996.6,1,.0,.0,96.6
,997.0,1,.0,.0,96.6
,997.2,1,.0,.0,96.6
,997.4,1,.0,.0,96.7
,997.6,1,.0,.0,96.7
,998.5,1,.0,.0,96.7
,1000.1,1,.0,.0,96.8
,1001.2,1,.0,.0,96.8
,1001.4,1,.0,.0,96.8
,1005.7,1,.0,.0,96.9
,1006.0,1,.0,.0,96.9
,1006.4,1,.0,.0,96.9
,1007.3,1,.0,.0,97.0
,1007.5,1,.0,.0,97.0
,1008.7,1,.0,.0,97.0
,1008.8,1,.0,.0,97.1
,1009.3,1,.0,.0,97.1
,1009.9,1,.0,.0,97.1
,1010.0,1,.0,.0,97.2
,1010.7,1,.0,.0,97.2
,1011.9,1,.0,.0,97.2
,1012.0,1,.0,.0,97.3
,1013.7,1,.0,.0,97.3
,1014.4,1,.0,.0,97.3
,1014.5,1,.0,.0,97.4
,1015.3,1,.0,.0,97.4
,1016.4,1,.0,.0,97.4
,1016.9,1,.0,.0,97.5
,1018.0,1,.0,.0,97.5
,1019.7,1,.0,.0,97.5
,1019.9,1,.0,.0,97.5
,1020.7,1,.0,.0,97.6
,1021.7,1,.0,.0,97.6
,1022.1,2,.1,.1,97.7
,1028.0,1,.0,.0,97.7
,1028.2,1,.0,.0,97.7
,1028.7,2,.1,.1,97.8
,1029.4,1,.0,.0,97.8
,1033.4,1,.0,.0,97.9
,1034.7,1,.0,.0,97.9
,1034.8,1,.0,.0,97.9
,1036.5,1,.0,.0,98.0
,1038.7,2,.1,.1,98.0
,1041.0,1,.0,.0,98.1
,1042.1,1,.0,.0,98.1
,1044.2,1,.0,.0,98.1
,1046.0,1,.0,.0,98.2
,1047.4,1,.0,.0,98.2
,1049.1,1,.0,.0,98.2
,1050.1,1,.0,.0,98.3
,1050.7,1,.0,.0,98.3
,1051.1,1,.0,.0,98.3
,1051.7,1,.0,.0,98.4
,1055.9,1,.0,.0,98.4
,1056.4,1,.0,.0,98.4
,1058.3,1,.0,.0,98.5
,1059.0,1,.0,.0,98.5
,1061.1,1,.0,.0,98.5
,1064.3,1,.0,.0,98.5
,1064.6,1,.0,.0,98.6
,1065.0,1,.0,.0,98.6
,1066.0,1,.0,.0,98.6
,1066.6,1,.0,.0,98.7
,1072.6,1,.0,.0,98.7
,1073.5,1,.0,.0,98.7
,1074.3,1,.0,.0,98.8
,1076.6,1,.0,.0,98.8
,1079.7,1,.0,.0,98.8
,1081.2,1,.0,.0,98.9
,1083.8,1,.0,.0,98.9
,1084.5,1,.0,.0,98.9
,1093.7,1,.0,.0,99.0
,1093.9,1,.0,.0,99.0
,1095.5,1,.0,.0,99.0
,1100.4,1,.0,.0,99.1
,1101.0,1,.0,.0,99.1
,1103.2,1,.0,.0,99.1
,1108.1,1,.0,.0,99.2
,1109.3,1,.0,.0,99.2
,1109.7,1,.0,.0,99.2
,1116.8,1,.0,.0,99.3
,1120.8,1,.0,.0,99.3
,1120.9,1,.0,.0,99.3
,1123.2,1,.0,.0,99.4
,1126.0,1,.0,.0,99.4
,1135.6,1,.0,.0,99.4
,1141.4,1,.0,.0,99.5
,1147.6,1,.0,.0,99.5
,1149.4,1,.0,.0,99.5
,1155.3,1,.0,.0,99.5
,1157.8,1,.0,.0,99.6
,1171.1,1,.0,.0,99.6
,1180.2,1,.0,.0,99.6
,1188.3,1,.0,.0,99.7
,1190.3,1,.0,.0,99.7
,1207.8,1,.0,.0,99.7
,1211.2,1,.0,.0,99.8
,1252.8,1,.0,.0,99.8
,1268.9,1,.0,.0,99.8
,1279.2,1,.0,.0,99.9
,1323.4,1,.0,.0,99.9
,1324.1,1,.0,.0,99.9
,1337.9,1,.0,.0,100.0
,1587.3,1,.0,.0,100.0
,Total,3102,95.7,100.0,
Missing,System,139,4.3,,
Total,,3241,100.0,,
